{"cameraMode":{"drawMode":0,"name":"Shaded","section":"Shading Mode"},"sceneLighting":false,"audioPlay":false,"sceneViewState":{"m_AlwaysRefresh":false,"showFog":true,"showSkybox":false,"showFlares":true,"showImageEffects":true,"showParticleSystems":true,"showVisualEffectGraphs":true,"m_FxEnabled":true},"in2DMode":false,"pivot":{"x":-3.4600000381469728,"y":0.562999963760376,"z":-0.5299999713897705},"rotation":{"x":0.11790654063224793,"y":-0.44053027033805849,"z":0.05849010869860649,"w":0.8880375027656555},"size":0.8660253882408142,"orthographic":false}