{"cameraMode":{"drawMode":0,"name":"Shaded","section":"Shading Mode"},"sceneLighting":false,"audioPlay":false,"sceneViewState":{"m_AlwaysRefresh":false,"showFog":true,"showSkybox":false,"showFlares":true,"showImageEffects":true,"showParticleSystems":true,"showVisualEffectGraphs":true,"m_FxEnabled":true},"in2DMode":false,"pivot":{"x":-3.4273223876953127,"y":1.5711736679077149,"z":0.48436737060546877},"rotation":{"x":0.04107005521655083,"y":-0.9191805124282837,"z":0.09965933859348297,"w":0.3787989914417267},"size":2.19496750831604,"orthographic":false}